1045,waterlily
1090,waterlily
1137,passion
1139,watercress
115,watercress
1159,waterlily
1164,waterlily
1170,waterlily
1216,passion
124,waterlily
1258,waterlily
1310,waterlily
1323,waterlily
1335,watercress
1356,watercress
1357,watercress
137,passion
14,passion
1424,waterlily
1518,watercress
1536,passion
1549,waterlily
1566,waterlily
1616,watercress
166,passion
1697,passion
1711,waterlily
1726,waterlily
1762,passion
1814,waterlily
1948,watercress
1966,passion
2010,watercress
2048,waterlily
2101,passion
2112,passion
2186,passion
2189,waterlily
2218,watercress
2228,watercress
2247,passion
2263,waterlily
2282,watercress
2294,watercress
2364,passion
2384,watercress
2391,waterlily
2417,passion
258,passion
2602,passion
263,watercress
2644,passion
2648,passion
2668,passion
2719,passion
2731,passion
2746,watercress
2759,passion
2767,passion
2791,watercress
2836,waterlily
2839,passion
2961,watercress
2989,passion
3018,waterlily
3049,watercress
305,waterlily
3052,waterlily
3066,passion
3103,passion
3110,waterlily
3121,waterlily
3136,waterlily
3168,passion
3178,passion
3208,watercress
3274,passion
3311,watercress
3357,passion
3407,waterlily
3435,passion
3493,passion
3505,passion
3526,waterlily
3616,waterlily
3627,waterlily
3809,passion
3811,waterlily
3815,watercress
3854,waterlily
3863,waterlily
39,passion
3908,watercress
3915,watercress
3928,passion
3970,waterlily
3993,watercress
3997,watercress
4034,passion
4045,passion
4061,passion
4084,waterlily
4101,waterlily
4106,watercress
4174,watercress
4194,passion
4274,passion
4338,watercress
437,passion
443,watercress
4468,passion
4477,watercress
4625,passion
4631,waterlily
4690,waterlily
4714,watercress
4728,waterlily
4737,waterlily
4781,waterlily
4801,waterlily
4895,passion
4926,passion
5010,passion
5020,waterlily
5163,waterlily
5186,passion
5221,waterlily
524,passion
5305,waterlily
5376,passion
5378,passion
5546,watercress
5673,waterlily
5708,passion
5720,watercress
5778,watercress
5820,passion
5917,waterlily
5956,waterlily
596,waterlily
6086,passion
6109,watercress
6125,passion
6129,waterlily
6207,passion
6239,waterlily
626,passion
6277,passion
6317,waterlily
6331,passion
6480,passion
6531,watercress
6601,waterlily
6682,watercress
6790,passion
6844,watercress
6863,passion
6864,waterlily
6892,passion
6930,watercress
6977,watercress
6992,waterlily
7033,waterlily
704,passion
7070,watercress
7087,passion
7128,watercress
713,passion
7149,passion
7159,watercress
7176,waterlily
7239,passion
7257,passion
7262,passion
7326,watercress
7491,waterlily
7500,waterlily
7503,passion
7510,passion
7514,passion
7535,passion
7543,watercress
774,watercress
7778,passion
7808,passion
783,passion
7836,passion
7909,waterlily
8001,watercress
8004,waterlily
802,waterlily
8021,passion
8033,watercress
809,passion
8182,passion
82,passion
826,waterlily
8284,passion
8304,waterlily
8309,passion
8346,watercress
8354,waterlily
8386,watercress
8396,passion
8444,waterlily
8452,passion
8539,waterlily
8567,waterlily
8573,waterlily
8585,passion
86,waterlily
8623,passion
864,watercress
8672,watercress
8704,watercress
8711,waterlily
8720,watercress
8850,waterlily
8907,passion
8940,watercress
8986,watercress
8990,passion
9008,waterlily
9090,waterlily
9140,passion
9194,passion
9209,waterlily
9316,watercress
9327,waterlily
9345,waterlily
9446,watercress
9466,watercress
948,passion
9526,passion
9591,watercress
9607,waterlily
9608,waterlily
9620,passion
9725,watercress
9753,passion
9848,passion
9873,watercress
9924,watercress
9938,passion
9953,waterlily
9954,watercress
